,Total no.,Doc no.,Dept.,Theme No.,Theme title,Authors,Author full names,Author(s) ID,Title,Year,SDG,Source title,Volume,Issue,Art. No.,Page start,Page end,Page count,Cited by,DOI,Link,Document Type,Publication Stage,Open Access,Source,EID
J. Rishmany ,1,1,Mechanical Engineering,ME3.3,"Mechanical System Design, Structural Analysis & Applied Mechanics",Rishmany J.; Renault L.; Mabru C.; Chieragatti R.; Rezaï Aria F.,"Rishmany, J. (56426992700); Renault, L. (56396416900); Mabru, C. (6602821510); Chieragatti, R. (6603659356); Rezaï Aria, F. (6602161217)",56426992700; 56396416900; 6602821510; 6603659356; 6602161217,Static and dynamic behavior of a 3D-periodic structure,2006,,Fracture of Nano and Engineering Materials and Structures - Proceedings of the 16th European Conference of Fracture,,,,609,610,1,0,10.1007/1-4020-4972-2_302,https://www.scopus.com/inward/record.uri?eid=2-s2.0-84908262461&doi=10.1007%2f1-4020-4972-2_302&partnerID=40&md5=b9bc4493624c08357be742eda989444d,Conference paper,Final,All Open Access; Green Open Access,Scopus,2-s2.0-84908262461
,2,2,Mechanical Engineering,ME3.3,"Mechanical System Design, Structural Analysis & Applied Mechanics",Rishmany J.; Mabru C.; Chieragatti R.; Rezaï Aria F.,"Rishmany, J. (56426992700); Mabru, C. (6602821510); Chieragatti, R. (6603659356); Rezaï Aria, F. (6602161217)",56426992700; 6602821510; 6603659356; 6602161217,Simplified modelling of the behaviour of 3D-periodic structures such as aircraft heat exchangers,2008,,International Journal of Mechanical Sciences,50,6,,1114,1122,8,12,10.1016/j.ijmecsci.2008.01.006,https://www.scopus.com/inward/record.uri?eid=2-s2.0-43849102035&doi=10.1016%2fj.ijmecsci.2008.01.006&partnerID=40&md5=49f79507b2785d4ef91ebfb567758dca,Article,Final,All Open Access; Green Open Access,Scopus,2-s2.0-43849102035
,3,3,Mechanical Engineering,ME1.2,"Hybrid Energy Systems, Energy Planning, and Resource Nexus",Rishmany J.; Daaboul M.; Tawk I.; Saba N.,"Rishmany, Jihad (56426992700); Daaboul, Michel (25640685600); Tawk, Issam (16311049700); Saba, Nicolas (36706524000)",56426992700; 25640685600; 16311049700; 36706524000,Investigation on solar-powered turbines using refrigerant R-134A,2014,7,"American Society of Mechanical Engineers, Power Division (Publication) POWER",2,,,,,,0,10.1115/POWER2014-32088,https://www.scopus.com/inward/record.uri?eid=2-s2.0-84911974861&doi=10.1115%2fPOWER2014-32088&partnerID=40&md5=07c427020a7e177b5e46c3a3d96cccd1,Conference paper,Final,,Scopus,2-s2.0-84911974861
,4,4,Mechanical Engineering,ME3.1,Composite Materials & Fracture Mechanics,Tawk I.; Rishmany J.; Saba N.; Mahmoud B.,"Tawk, Issam (16311049700); Rishmany, Jihad (56426992700); Saba, Nicolas (36706524000); Mahmoud, Bassam (57194072065)",16311049700; 56426992700; 36706524000; 57194072065,Experimental study of the interlaminar fracture of composite materials in mode III,2016,,ECCM 2016 - Proceeding of the 17th European Conference on Composite Materials,,,,,,,1,,https://www.scopus.com/inward/record.uri?eid=2-s2.0-85018582832&partnerID=40&md5=5106f0f4bc51ad746d3b75ecf6a192fa,Conference paper,Final,,Scopus,2-s2.0-85018582832
,5,5,Mechanical Engineering,ME3.3,"Mechanical System Design, Structural Analysis & Applied Mechanics",Rishmany J.; Tawk I.; Gergess A.,"Rishmany, Jihad (56426992700); Tawk, Issam (16311049700); Gergess, Antoine (6507199552)",56426992700; 16311049700; 6507199552,Finite element modelling of a cold curved steel plate girder,2018,,International Journal of Structural Engineering,9,1,,1,25,24,2,10.1504/IJSTRUCTE.2018.090747,https://www.scopus.com/inward/record.uri?eid=2-s2.0-85045058014&doi=10.1504%2fIJSTRUCTE.2018.090747&partnerID=40&md5=5a418e1667257dbc4bb19dcad65653f6,Article,Final,,Scopus,2-s2.0-85045058014
,6,6,Mechanical Engineering,ME4.2,"Smart Mechanical Design, Mechatronics & Emerging Applications",Rishmany J.; Sabiini G.,"Rishmany, Jihad (56426992700); Sabiini, Guitta (56624447700)",56426992700; 56624447700,Interaction magnetic field formulation of permanent magnets based on Baker's rotational magnetic propulsion device,2019,,International Journal of Electric and Hybrid Vehicles,11,2,,152,169,17,2,10.1504/IJEHV.2019.099984,https://www.scopus.com/inward/record.uri?eid=2-s2.0-85066813882&doi=10.1504%2fIJEHV.2019.099984&partnerID=40&md5=79e9e2c7868c743f489564b9d10b0ef0,Article,Final,,Scopus,2-s2.0-85066813882
,7,7,Mechanical Engineering,ME3.1,Composite Materials & Fracture Mechanics,Tawk I.; Rishmany J.; Saba J.; Navarro P.; Ferrero J.-F.,"Tawk, I. (16311049700); Rishmany, J. (56426992700); Saba, J. (36706524000); Navarro, P. (35320474200); Ferrero, J.-F. (7101803358)",16311049700; 56426992700; 36706524000; 35320474200; 7101803358,Experimental study of the interlaminar fracture of composite materials in mode III by MSCB test,2020,,Composite Structures,233,,111548,,,,7,10.1016/j.compstruct.2019.111548,https://www.scopus.com/inward/record.uri?eid=2-s2.0-85075450651&doi=10.1016%2fj.compstruct.2019.111548&partnerID=40&md5=9e6f16fb9e3cd630e88400412e5b55d7,Article,Final,,Scopus,2-s2.0-85075450651
,8,8,Mechanical Engineering,ME4.2,"Smart Mechanical Design, Mechatronics & Emerging Applications",Wahidi M.; Imad R.; Rishmany J.,"Wahidi, Malek (58396810000); Imad, Rodrigue (26767816900); Rishmany, Jihad (56426992700)",58396810000; 26767816900; 56426992700,A Highly Efficient Computer Vision Approach for Tennis Ball Retrieval with Limited Computational Power,2023,7,Lecture Notes in Networks and Systems,700 LNNS,,,192,203,11,0,10.1007/978-3-031-33743-7_16,https://www.scopus.com/inward/record.uri?eid=2-s2.0-85163330282&doi=10.1007%2f978-3-031-33743-7_16&partnerID=40&md5=1b84f997338b55ace9fb87ef43f7c6d1,Conference paper,Final,,Scopus,2-s2.0-85163330282
,9,9,Mechanical Engineering,ME4.2,"Smart Mechanical Design, Mechatronics & Emerging Applications",Rishmany J.; Sabiini G.; Mansour A.; Imad R.,"Rishmany, Jihad (56426992700); Sabiini, Guitta (56624447700); Mansour, Ali (58304087100); Imad, Rodrigue (26767816900)",56426992700; 56624447700; 58304087100; 26767816900,Generating rectilinear motion using permanent magnets,2023,9,Journal of Engineering and Applied Science,70,1,57,,,,2,10.1186/s44147-023-00231-7,https://www.scopus.com/inward/record.uri?eid=2-s2.0-85161015356&doi=10.1186%2fs44147-023-00231-7&partnerID=40&md5=7cab6ce03869c7c856d265570659133d,Article,Final,All Open Access; Gold Open Access; Green Open Access,Scopus,2-s2.0-85161015356
,10,10,Mechanical Engineering,ME1.1,"Wind, Solar PV, and Wave Energy Conversion",Alomar Z.; Khoury G.; Rishmany J.; Daaboul M.,"Alomar, Zaki (57218710427); Khoury, Gerard (58408244900); Rishmany, Jihad (56426992700); Daaboul, Michel (25640685600)",57218710427; 58408244900; 56426992700; 25640685600,NUMERICAL AND EXPERIMENTAL STUDY ON THE EFFECT OF OVERLAP ON SAVONIUS WIND TURBINE,2023,"7,9",International Journal of Power and Energy Systems,43,10,,,,,4,10.2316/J.2023.203-0450,https://www.scopus.com/inward/record.uri?eid=2-s2.0-85163652046&doi=10.2316%2fJ.2023.203-0450&partnerID=40&md5=c02557ebab0908be9748e01a98e75980,Article,Final,All Open Access; Bronze Open Access,Scopus,2-s2.0-85163652046
,11,11,Mechanical Engineering,ME3.3,"Mechanical System Design, Structural Analysis & Applied Mechanics",Rishmany J.; Imad R.,"Rishmany, Jihad (56426992700); Imad, Rodrigue (26767816900)",56426992700; 26767816900,Finite Element and Multibody Dynamics Analysis of a Ball Mill Glass Crusher,2023,12,Modelling and Simulation in Engineering,2023,,1905702,,,,3,10.1155/2023/1905702,https://www.scopus.com/inward/record.uri?eid=2-s2.0-85151539432&doi=10.1155%2f2023%2f1905702&partnerID=40&md5=ba2396dd2b97f3f4b318a63d1c5e020c,Article,Final,All Open Access; Gold Open Access; Green Open Access,Scopus,2-s2.0-85151539432
,12,12,Mechanical Engineering,ME1.3,"Sustainable Fuels, Bioenergy, and Energy Storage Systems",Haidar A.A.; Rishmany J.,"Haidar, Ayla Abou (57324801300); Rishmany, Jihad (56426992700)",57324801300; 56426992700,Investigation of bulk density and friction coefficient of olive residues and sawdust prior to pelletizing,2023,,Biomass Conversion and Biorefinery,13,12,,10513,10525,12,0,10.1007/s13399-021-02063-y,https://www.scopus.com/inward/record.uri?eid=2-s2.0-85118550320&doi=10.1007%2fs13399-021-02063-y&partnerID=40&md5=9b0d1a2215243497c553074c80b09090,Article,Final,,Scopus,2-s2.0-85118550320
,13,13,Mechanical Engineering,ME2.3,Phase Change Materials & Building Energy Systems,Lahoud C.; Chahwan A.; Rishmany J.; Yehia C.; Daaboul M.,"Lahoud, Chawki (6507883511); Chahwan, Antoine (59487298400); Rishmany, Jihad (56426992700); Yehia, Chafic (59487260500); Daaboul, Michel (25640685600)",6507883511; 59487298400; 56426992700; 59487260500; 25640685600,Enhancing Energy Efficiency in Mediterranean Coastal Buildings Through PCM Integration,2024,,Buildings,14,12,4023,,,,9,10.3390/buildings14124023,https://www.scopus.com/inward/record.uri?eid=2-s2.0-85213082427&doi=10.3390%2fbuildings14124023&partnerID=40&md5=8cb0ea11a727b48b2b865e01eac2284e,Article,Final,All Open Access; Gold Open Access; Green Open Access,Scopus,2-s2.0-85213082427
,14,14,Mechanical Engineering,ME1.1,"Wind, Solar PV, and Wave Energy Conversion",Khoury G.; Alomar Z.; Sabat M.; Rishmany J.; Daaboul M.,"Khoury, Gerard (58408244900); Alomar, Zaki (57218710427); Sabat, Macole (56432431200); Rishmany, Jihad (56426992700); Daaboul, Michel (25640685600)",58408244900; 57218710427; 56432431200; 56426992700; 25640685600,IMPROVING THE EFFICIENCY OF SAVONIUS WIND TURBINE THROUGH SHIELDING: NUMERICAL AND EXPERIMENTAL STUDY,2025,7,International Journal of Power and Energy Systems,45,10,,,,,3,10.2316/J.2025.203-0554,https://www.scopus.com/inward/record.uri?eid=2-s2.0-105012220882&doi=10.2316%2fJ.2025.203-0554&partnerID=40&md5=8593c77a52a0d06a5515cea6b4b41981,Article,Final,All Open Access; Bronze Open Access,Scopus,2-s2.0-105012220882
,15,15,Mechanical Engineering,ME3.3,"Mechanical System Design, Structural Analysis & Applied Mechanics",Prasil L.; Andraos R.; Rishmany J.; Latelise B.; Dos Remedios C.; Severyns M.; Zot F.; Germaneau A.; Vendeuvre T.,"Prasil, Laure (58995007400); Andraos, Raghid (59763727500); Rishmany, Jihad (56426992700); Latelise, Benoit (58514692500); Dos Remedios, Carlos (59763727600); Severyns, Mathieu (57188965007); Zot, Francois (58748997000); Germaneau, Arnaud (17343373700); Vendeuvre, Tanguy (54953387900)",58995007400; 59763727500; 56426992700; 58514692500; 59763727600; 57188965007; 58748997000; 17343373700; 54953387900,Osteosynthesis of an extra-articular distal radius fracture using a palmar locking plate with 4 epiphyseal screws (Gold Standard) versus 2 epiphyseal screws: Finite element analysis,2025,,Injury,56,7,112360,,,,0,10.1016/j.injury.2025.112360,https://www.scopus.com/inward/record.uri?eid=2-s2.0-105004050204&doi=10.1016%2fj.injury.2025.112360&partnerID=40&md5=07f14fcc9b7a50ac4b8c4fec273b4885,Article,Final,,Scopus,2-s2.0-105004050204
,16,16,Mechanical Engineering,ME4.2,"Smart Mechanical Design, Mechatronics & Emerging Applications",Nasr R.; Shreif M.; Jaoude E.A.; Ahmar C.; Rishmany J.,"Nasr, Rayn (60597271600); Shreif, Majd (60597544500); Jaoude, Enrico Abou (60597453300); Ahmar, Celine (60597453400); Rishmany, Jihad (56426992700)",60597271600; 60597544500; 60597453300; 60597453400; 56426992700,Design optimization and comparative evaluation of oval and toroidal propeller geometries versus a conventional propeller,2026,,Sound and Vibration,60,2,3889,,,,0,10.59400/sv3889,https://www.scopus.com/inward/record.uri?eid=2-s2.0-105036717896&doi=10.59400%2fsv3889&partnerID=40&md5=61c5278623685f1a18b0235a43c0fe8e,Article,Final,All Open Access; Gold Open Access,Scopus,2-s2.0-105036717896
,17,17,Mechanical Engineering,ME1.1,"Wind, Solar PV, and Wave Energy Conversion",Rishmany J.; Lahoud C.; Harmouche J.; Imad R.; Saba N.,"Rishmany, Jihad (56426992700); Lahoud, Chawki (6507883511); Harmouche, Jamal (59907527700); Imad, Rodrigue (26767816900); Saba, Nicolas (36706524000)",56426992700; 6507883511; 59907527700; 26767816900; 36706524000,Advancements in Solar Tracking: A Comprehensive Review of Image-Processing Techniques,2026,7,Sustainability (Switzerland),18,2,1117,,,,1,10.3390/su18021117,https://www.scopus.com/inward/record.uri?eid=2-s2.0-105028917157&doi=10.3390%2fsu18021117&partnerID=40&md5=9a401465239ec48106c00c1db91828d0,Review,Final,All Open Access; Gold Open Access,Scopus,2-s2.0-105028917157
,18,18,Mechanical Engineering,ME1.1,"Wind, Solar PV, and Wave Energy Conversion",Rahal R.; Matta M.; Rishmany J.,"Rahal, Rayan (60433566300); Matta, Mark (60433346900); Rishmany, Jihad (56426992700)",60433566300; 60433346900; 56426992700,A Finite Element Study on the Structural Behavior of a Dual-Axis Solar Tracking System,2026,7,Kurdistan Journal of Applied Research,11,1,,51,65,14,0,10.24017/science.2026.1.4,https://www.scopus.com/inward/record.uri?eid=2-s2.0-105031649203&doi=10.24017%2fscience.2026.1.4&partnerID=40&md5=3ee2f79e44b223678e12c8d430359749,Article,Final,All Open Access; Gold Open Access; Green Open Access,Scopus,2-s2.0-105031649203
N. Saba,19,1,Mechanical Engineering,ME3.2,"Thermo-Mechanical Processes, Functionally Graded Materials & Tailoring Techniques",Maikranz-Valentin M.; Saba N.; Weidig U.; Göken J.; Steinhoff K.,"Maikranz-Valentin, M. (24168779500); Saba, N. (36706524000); Weidig, U. (6507227881); Göken, J. (13105218400); Steinhoff, K. (13104873800)",24168779500; 36706524000; 6507227881; 13105218400; 13104873800,Investigation on functionally graded 51CrV4 and its damping behaviour,2008,,"9th International Conference on Technology of Plasticity, ICTP 2008",,,,2283,2288,5,2,,https://www.scopus.com/inward/record.uri?eid=2-s2.0-84898079291&partnerID=40&md5=085f05505503e46f12390899912f8f77,Conference paper,Final,,Scopus,2-s2.0-84898079291
,20,2,Mechanical Engineering,ME3.2,"Thermo-Mechanical Processes, Functionally Graded Materials & Tailoring Techniques",Wagner T.; Bröcker C.; Saba N.; Biermann D.; Matzenmiller A.; Steinhoff K.,"Wagner, Tobias (55650754200); Bröcker, Christoph (12646093700); Saba, Nicolas (36706524000); Biermann, Dirk (56580453200); Matzenmiller, Anton (6603010008); Steinhoff, Kurt (13104873800)",55650754200; 12646093700; 36706524000; 56580453200; 6603010008; 13104873800,Modelling of a thermomechanically coupled forming process based on functional outputs from a finite element analysis and from experimental measurements,2010,,AStA Advances in Statistical Analysis,94,4,,389,404,15,8,10.1007/s10182-010-0149-7,https://www.scopus.com/inward/record.uri?eid=2-s2.0-78650720281&doi=10.1007%2fs10182-010-0149-7&partnerID=40&md5=a0fdc278e117326398a058cee4182bf3,Article,Final,,Scopus,2-s2.0-78650720281
,21,3,Mechanical Engineering,ME3.2 and ME4.2 ,"Thermo-Mechanical Processes, Functionally Graded Materials & Tailoring Techniques and Smart Mechanical Design, Mechatronics & Emerging Applications",Quint K.J.; Hartmann S.; Rothe S.; Saba N.; Steinhoff K.,"Quint, Karsten J. (24280109600); Hartmann, Stefan (35867188300); Rothe, Steffen (55452740200); Saba, Nicolas (36706524000); Steinhoff, Kurt (13104873800)",24280109600; 35867188300; 55452740200; 36706524000; 13104873800,Experimental validation of high-order time integration for non-linear heat transfer problems,2011,,Computational Mechanics,48,1,,81,96,15,29,10.1007/s00466-011-0572-y,https://www.scopus.com/inward/record.uri?eid=2-s2.0-79959333952&doi=10.1007%2fs00466-011-0572-y&partnerID=40&md5=b86505a50dea4c950e1d86242a896e7a,Article,Final,,Scopus,2-s2.0-79959333952
,22,4,Mechanical Engineering,ME3.2,"Thermo-Mechanical Processes, Functionally Graded Materials & Tailoring Techniques",Saba N.; Fuß D.; Weidig U.; Steinhoff K.,"Saba, N. (36706524000); Fuß, D. (26641670000); Weidig, U. (6507227881); Steinhoff, K. (13104873800)",36706524000; 26641670000; 6507227881; 13104873800,Functional gradation produced by differential thermo-mechanical processing,2011,,"Special Edition: 10th International Conference on Technology of Plasticity, ICTP 2011",,,,944,949,5,0,,https://www.scopus.com/inward/record.uri?eid=2-s2.0-84898072588&partnerID=40&md5=b9e854693910b3ce17245683d83a311f,Conference paper,Final,,Scopus,2-s2.0-84898072588
,23,5,Mechanical Engineering,ME1.2,"Hybrid Energy Systems, Energy Planning, and Resource Nexus",Rishmany J.; Daaboul M.; Tawk I.; Saba N.,"Rishmany, Jihad (56426992700); Daaboul, Michel (25640685600); Tawk, Issam (16311049700); Saba, Nicolas (36706524000)",56426992700; 25640685600; 16311049700; 36706524000,Investigation on solar-powered turbines using refrigerant R-134A,2014,7,"American Society of Mechanical Engineers, Power Division (Publication) POWER",2,,,,,,0,10.1115/POWER2014-32088,https://www.scopus.com/inward/record.uri?eid=2-s2.0-84911974861&doi=10.1115%2fPOWER2014-32088&partnerID=40&md5=07c427020a7e177b5e46c3a3d96cccd1,Conference paper,Final,,Scopus,2-s2.0-84911974861
,24,6,Mechanical Engineering,ME3.1,Composite Materials & Fracture Mechanics,Tawk I.; Rishmany J.; Saba N.; Mahmoud B.,"Tawk, Issam (16311049700); Rishmany, Jihad (56426992700); Saba, Nicolas (36706524000); Mahmoud, Bassam (57194072065)",16311049700; 56426992700; 36706524000; 57194072065,Experimental study of the interlaminar fracture of composite materials in mode III,2016,,ECCM 2016 - Proceeding of the 17th European Conference on Composite Materials,,,,,,,1,,https://www.scopus.com/inward/record.uri?eid=2-s2.0-85018582832&partnerID=40&md5=5106f0f4bc51ad746d3b75ecf6a192fa,Conference paper,Final,,Scopus,2-s2.0-85018582832
,25,7,Mechanical Engineering,ME4.1,"Vibro-Acoustics, Damping Behavior & Noise Control",Göken J.; Saba N.,"Göken, J. (55886065800); Saba, N. (36706524000)",55886065800; 36706524000,Damping behaviour analysis of 3d printed samples with pores,2020,,Acta Physica Polonica A,138,6,,844,853,9,5,10.12693/APhysPolA.138.844,https://www.scopus.com/inward/record.uri?eid=2-s2.0-85099191629&doi=10.12693%2fAPhysPolA.138.844&partnerID=40&md5=996bd4f0c74c8596a23b1fd4dc7ba9b0,Article,Final,All Open Access; Gold Open Access,Scopus,2-s2.0-85099191629
,26,8,Mechanical Engineering,ME3.1,Composite Materials & Fracture Mechanics,Tawk I.; Rishmany J.; Saba J.; Navarro P.; Ferrero J.-F.,"Tawk, I. (16311049700); Rishmany, J. (56426992700); Saba, J. (36706524000); Navarro, P. (35320474200); Ferrero, J.-F. (7101803358)",16311049700; 56426992700; 36706524000; 35320474200; 7101803358,Experimental study of the interlaminar fracture of composite materials in mode III by MSCB test,2020,,Composite Structures,233,,111548,,,,7,10.1016/j.compstruct.2019.111548,https://www.scopus.com/inward/record.uri?eid=2-s2.0-85075450651&doi=10.1016%2fj.compstruct.2019.111548&partnerID=40&md5=9e6f16fb9e3cd630e88400412e5b55d7,Article,Final,,Scopus,2-s2.0-85075450651
,27,9,Mechanical Engineering,ME4.1,"Vibro-Acoustics, Damping Behavior & Noise Control",Göken J.; Saba N.; Anžel I.,"Göken, J. (55886065800); Saba, N. (36706524000); Anžel, I. (55924064600)",55886065800; 36706524000; 55924064600,"Analysis of acoustic radiation of rectangular wooden panels made of spruce, maple and cherry wood",2022,12,Journal of Alloys and Compounds,919,,165879,,,,2,10.1016/j.jallcom.2022.165879,https://www.scopus.com/inward/record.uri?eid=2-s2.0-85132217234&doi=10.1016%2fj.jallcom.2022.165879&partnerID=40&md5=308378ff176be4e26a2b4184f9578adc,Article,Final,,Scopus,2-s2.0-85132217234
,28,10,Mechanical Engineering,ME4.1,"Vibro-Acoustics, Damping Behavior & Noise Control",Göken J.; Saba N.; Steinhoff K.,"Göken, J. (55886065800); Saba, N. (36706524000); Steinhoff, K. (13104873800)",55886065800; 36706524000; 13104873800,Measurements of Acoustic Radiation of Tonewood Spruce at Different Clamping Loads,2022,,Acta Physica Polonica A,141,1,,54,63,9,1,10.12693/APHYSPOLA.141.54,https://www.scopus.com/inward/record.uri?eid=2-s2.0-85125738523&doi=10.12693%2fAPHYSPOLA.141.54&partnerID=40&md5=f7a1611f822027ba36d3aa1a7ac0e08b,Article,Final,All Open Access; Gold Open Access,Scopus,2-s2.0-85125738523
,29,11,Mechanical Engineering,ME4.1,"Vibro-Acoustics, Damping Behavior & Noise Control",Göken J.; Saba N.; Golovin I.S.,"Göken, J. (55886065800); Saba, N. (36706524000); Golovin, I.S. (7006821098)",55886065800; 36706524000; 7006821098,"DAMPING OF SPRUCE WOOD AT DIFFERENT STRAIN AMPLITUDES, TEMPERATURES AND MOISTURE CONTENTS",2023,,Romanian Journal of Physics,68,2-Jan,903,,,,4,,https://www.scopus.com/inward/record.uri?eid=2-s2.0-85148717223&partnerID=40&md5=e5ac89893b777c05e34ad836a65c24c3,Article,Final,,Scopus,2-s2.0-85148717223
,30,12,Mechanical Engineering,ME4.1,"Vibro-Acoustics, Damping Behavior & Noise Control",Göken J.; Saba N.,"Göken, J. (55886065800); Saba, N. (36706524000)",55886065800; 36706524000,STRAIN-DEPENDENT DAMPING OF PAULOWNIA WOOD AT ROOM TEMPERATURE AND CONSTANT MOISTURE CONTENT,2024,"2,8,13,15",Romanian Journal of Physics,69,10-Sep,909,,,,1,10.59277/RomJPhys.2024.69.909,https://www.scopus.com/inward/record.uri?eid=2-s2.0-85211974839&doi=10.59277%2fRomJPhys.2024.69.909&partnerID=40&md5=67fb88bf845bdaf60d3808467c78ee9c,Article,Final,All Open Access; Bronze Open Access,Scopus,2-s2.0-85211974839
,31,13,Mechanical Engineering,ME4.1,"Vibro-Acoustics, Damping Behavior & Noise Control",Göken J.; Saba N.,"Göken, Jürgen (55886065800); Saba, Nicolas (36706524000)",55886065800; 36706524000,Analysis of the Strain-Dependent Damping of Paulownia Wood to Reduce Vibrations in Maritime Transport,2024,"3,9,12,14",Journal of Eta Maritime Science,12,4,,418,426,8,0,10.4274/jems.2024.78736,https://www.scopus.com/inward/record.uri?eid=2-s2.0-85214373243&doi=10.4274%2fjems.2024.78736&partnerID=40&md5=92942bbeb95bbcfd4cc3c47e0f5df0d8,Article,Final,All Open Access; Gold Open Access,Scopus,2-s2.0-85214373243
,32,14,Mechanical Engineering,ME1.1,"Wind, Solar PV, and Wave Energy Conversion",Saba N.; Makhlouf C.; Raad A.; Abi Frem C.; Sabat M.,"Saba, Nicolas (36706524000); Makhlouf, Charbel (60418937000); Raad, Amin (60418304900); Abi Frem, Christopher (60418131300); Sabat, Macole (56432431200)",36706524000; 60418937000; 60418304900; 60418131300; 56432431200,Design and Numerical Analysis of a Novel Vortex-Induced Vibration Bladeless Wind Turbine with Cylindrical Cam Mechanical Conversion,2026,"7,11,13,15",Energies,19,4,1090,,,,0,10.3390/en19041090,https://www.scopus.com/inward/record.uri?eid=2-s2.0-105031273285&doi=10.3390%2fen19041090&partnerID=40&md5=dd77787cad80d0f2c30269119a542b88,Article,Final,All Open Access; Gold Open Access,Scopus,2-s2.0-105031273285
,33,15,Mechanical Engineering,ME1.1,"Wind, Solar PV, and Wave Energy Conversion",Rishmany J.; Lahoud C.; Harmouche J.; Imad R.; Saba N.,"Rishmany, Jihad (56426992700); Lahoud, Chawki (6507883511); Harmouche, Jamal (59907527700); Imad, Rodrigue (26767816900); Saba, Nicolas (36706524000)",56426992700; 6507883511; 59907527700; 26767816900; 36706524000,Advancements in Solar Tracking: A Comprehensive Review of Image-Processing Techniques,2026,7,Sustainability (Switzerland),18,2,1117,,,,1,10.3390/su18021117,https://www.scopus.com/inward/record.uri?eid=2-s2.0-105028917157&doi=10.3390%2fsu18021117&partnerID=40&md5=9a401465239ec48106c00c1db91828d0,Review,Final,All Open Access; Gold Open Access,Scopus,2-s2.0-105028917157
M. Sabat,34,1,Mechanical Engineering,ME2.2,"Multiphase Flow Modeling, Aerosol Dynamics & Particle Transport",Sabat M.; Larat A.; Vié A.; Massot M.,"Sabat, Macole (56432431200); Larat, Adam (36450959700); Vié, Aymeric (55539645100); Massot, Marc (57205932032)",56432431200; 36450959700; 55539645100; 57205932032,On the development of high order realizable schemes for the Eulerian simulation of disperse phase flows: A convex-state preserving discontinuous galerkin method,2014,,Journal of Computational Multiphase Flows,6,3,,247,270,23,11,10.1260/1757-482X.6.3.247,https://www.scopus.com/inward/record.uri?eid=2-s2.0-84913586859&doi=10.1260%2f1757-482X.6.3.247&partnerID=40&md5=b33e54cb4e12f5bdf2861c71caa66295,Article,Final,All Open Access; Bronze Open Access; Green Open Access,Scopus,2-s2.0-84913586859
,35,2,Mechanical Engineering,ME2.2,"Multiphase Flow Modeling, Aerosol Dynamics & Particle Transport",Sabat M.; Larat A.; Vié A.; Massotä M.,"Sabat, Macole (56432431200); Larat, Adam (36450959700); Vié, Aymeric (55539645100); Massotä, Marc (56593061000)",56432431200; 36450959700; 55539645100; 56593061000,Comparison of realizable schemes for the eulerian simulation of disperse phase flows,2014,,Springer Proceedings in Mathematics and Statistics,78,,,935,943,8,1,10.1007/978-3-319-05591-6_95,https://www.scopus.com/inward/record.uri?eid=2-s2.0-84927623640&doi=10.1007%2f978-3-319-05591-6_95&partnerID=40&md5=ce653e9a19e28186025aeee2717042ad,Conference paper,Final,,Scopus,2-s2.0-84927623640
,36,3,Mechanical Engineering,ME2.2,"Multiphase Flow Modeling, Aerosol Dynamics & Particle Transport",Sabat M.; Vié A.; Larat A.; Massot M.,"Sabat, Macole (56432431200); Vié, Aymeric (55539645100); Larat, Adam (36450959700); Massot, Marc (57205932032)",56432431200; 55539645100; 36450959700; 57205932032,Statistical description of turbulent particle-laden flows in the very dilute regime using the anisotropic Gaussian moment method,2019,,International Journal of Multiphase Flow,112,,,243,257,14,7,10.1016/j.ijmultiphaseflow.2018.10.004,https://www.scopus.com/inward/record.uri?eid=2-s2.0-85055096392&doi=10.1016%2fj.ijmultiphaseflow.2018.10.004&partnerID=40&md5=5f5c91dde6904d6f2e703cc389c686fb,Article,Final,,Scopus,2-s2.0-85055096392
,37,4,Mechanical Engineering,ME1.3,"Sustainable Fuels, Bioenergy, and Energy Storage Systems",Fakhreddine O.; Khoury G.; Saber A.; Amer A.M.; Sabat M.,"Fakhreddine, Omar (57222397203); Khoury, Gerard (58408244900); Saber, Ahmed (59276700900); Amer, A.M. (57198231320); Sabat, Macole (56432431200)",57222397203; 58408244900; 59276700900; 57198231320; 56432431200,Design and Analysis of a Domestic Device for Converting Waste Cooking Oil to Biodiesel: A Multidisciplinary Study,2023,"7,12","Proceedings - International Conference on Energy Research and Development, ICERD",2023,November,,322,330,8,0,,https://www.scopus.com/inward/record.uri?eid=2-s2.0-85204087662&partnerID=40&md5=912ce14c7149a64046565d0463317256,Conference paper,Final,,Scopus,2-s2.0-85204087662
,38,5,Mechanical Engineering,ME2.2,"Multiphase Flow Modeling, Aerosol Dynamics & Particle Transport",Sabat M.; Terfous A.; Ghenaim A.; Sabat M.; Draybi M.; Romanos J.,"Sabat, Mira (36919219900); Terfous, Abdelali (23010776700); Ghenaim, Abdellah (6603068261); Sabat, Macole (56432431200); Draybi, Michel (59488913700); Romanos, Jimmy (54684889600)",36919219900; 23010776700; 6603068261; 56432431200; 59488913700; 54684889600,Optimizing Suspended Sediment Models: A Novel Expert System with Spatial Probabilities and Isolated Points,2024,6,Water (Switzerland),16,24,3575,,,,1,10.3390/w16243575,https://www.scopus.com/inward/record.uri?eid=2-s2.0-85213216495&doi=10.3390%2fw16243575&partnerID=40&md5=877bf424d089392c217db748a9aa514f,Article,Final,All Open Access; Gold Open Access,Scopus,2-s2.0-85213216495
,39,6,Mechanical Engineering,ME1.2,"Hybrid Energy Systems, Energy Planning, and Resource Nexus",Fayssal N.; Al Tawil L.; Danageuzian H.; Sabat M.; ElMerehbi H.; Darazi D.; Sabat M.; Roukos R.; Dargham S.A.; Romanos J.,"Fayssal, Nora (59154224300); Al Tawil, Lara (58094635000); Danageuzian, Hrair (57969168800); Sabat, Mira (36919219900); ElMerehbi, Hana (59154891000); Darazi, Dovan (59154224400); Sabat, Macole (56432431200); Roukos, Roy (50861831400); Dargham, Sara Abou (57188830894); Romanos, Jimmy (54684889600)",59154224300; 58094635000; 57969168800; 36919219900; 59154891000; 59154224400; 56432431200; 50861831400; 57188830894; 54684889600,Navigating the water-energy nexus amidst the Lebanese economic crisis,2024,"6,7,8","Aqua Water Infrastructure, Ecosystems and Society",73,5,,917,929,12,5,10.2166/aqua.2024.329,https://www.scopus.com/inward/record.uri?eid=2-s2.0-85195071901&doi=10.2166%2faqua.2024.329&partnerID=40&md5=e226eb759163f8c2399c2da4266d8f60,Article,Final,All Open Access; Gold Open Access,Scopus,2-s2.0-85195071901
,40,7,Mechanical Engineering,ME1.3,"Sustainable Fuels, Bioenergy, and Energy Storage Systems",Hassan H.; Romanos J.; Zabardast S.; Sabat M.,"Hassan, Hussein (57342944100); Romanos, Jimmy (54684889600); Zabardast, Soheil (59976412800); Sabat, Macole (56432431200)",57342944100; 54684889600; 59976412800; 56432431200,Advanced Thermodynamic Model for Predicting 3-D Phase Equilibrium of Ethane Clathrate Hydrates in the Presence of Kinetic Nanoparticles,2025,,Journal of Chemical and Engineering Data,70,8,,3273,3282,9,0,10.1021/acs.jced.4c00589,https://www.scopus.com/inward/record.uri?eid=2-s2.0-105009799191&doi=10.1021%2facs.jced.4c00589&partnerID=40&md5=f792c2437e9383100bec4a18d0bafa5a,Article,Final,,Scopus,2-s2.0-105009799191
,41,8,Mechanical Engineering,ME1.1,"Wind, Solar PV, and Wave Energy Conversion",Khoury G.; Alomar Z.; Sabat M.; Rishmany J.; Daaboul M.,"Khoury, Gerard (58408244900); Alomar, Zaki (57218710427); Sabat, Macole (56432431200); Rishmany, Jihad (56426992700); Daaboul, Michel (25640685600)",58408244900; 57218710427; 56432431200; 56426992700; 25640685600,IMPROVING THE EFFICIENCY OF SAVONIUS WIND TURBINE THROUGH SHIELDING: NUMERICAL AND EXPERIMENTAL STUDY,2025,7,International Journal of Power and Energy Systems,45,10,,,,,3,10.2316/J.2025.203-0554,https://www.scopus.com/inward/record.uri?eid=2-s2.0-105012220882&doi=10.2316%2fJ.2025.203-0554&partnerID=40&md5=8593c77a52a0d06a5515cea6b4b41981,Article,Final,All Open Access; Bronze Open Access,Scopus,2-s2.0-105012220882
,42,9,Mechanical Engineering,ME1.3,"Sustainable Fuels, Bioenergy, and Energy Storage Systems",Sabat M.; Hassan H.; Roukos R.; Dargham S.A.; Romanos J.,"Sabat, Macole (56432431200); Hassan, Hussein (57342944100); Roukos, Roy (50861831400); Dargham, Sara Abou (57188830894); Romanos, Jimmy (54684889600)",56432431200; 57342944100; 50861831400; 57188830894; 54684889600,Long-term degradation of adsorbed natural gas storage in the MOF Basolite C300 due to Cn≥2 alkanes accumulation,2025,,Scientific Reports,15,1,33054,,,,0,10.1038/s41598-025-10131-w,https://www.scopus.com/inward/record.uri?eid=2-s2.0-105017406914&doi=10.1038%2fs41598-025-10131-w&partnerID=40&md5=4eecc6facdbab98fa935648586a6b50a,Article,Final,All Open Access; Gold Open Access; Green Open Access,Scopus,2-s2.0-105017406914
,43,10,Mechanical Engineering,ME1.1,"Wind, Solar PV, and Wave Energy Conversion",Saba N.; Makhlouf C.; Raad A.; Abi Frem C.; Sabat M.,"Saba, Nicolas (36706524000); Makhlouf, Charbel (60418937000); Raad, Amin (60418304900); Abi Frem, Christopher (60418131300); Sabat, Macole (56432431200)",36706524000; 60418937000; 60418304900; 60418131300; 56432431200,Design and Numerical Analysis of a Novel Vortex-Induced Vibration Bladeless Wind Turbine with Cylindrical Cam Mechanical Conversion,2026,"7,11,13,15",Energies,19,4,1090,,,,0,10.3390/en19041090,https://www.scopus.com/inward/record.uri?eid=2-s2.0-105031273285&doi=10.3390%2fen19041090&partnerID=40&md5=dd77787cad80d0f2c30269119a542b88,Article,Final,All Open Access; Gold Open Access,Scopus,2-s2.0-105031273285
,44,11,Mechanical Engineering,ME1.2,"Hybrid Energy Systems, Energy Planning, and Resource Nexus",ElMerehbi H.; Sabat M.; Romanos J.; Sabat M.,"ElMerehbi, Hana (59154891000); Sabat, Macole (56432431200); Romanos, Jimmy (54684889600); Sabat, Mira (36919219900)",59154891000; 56432431200; 54684889600; 36919219900,Water-Energy Status Under Economic Collapse: A Statistical Perspective From Lebanon,2026,"7,9","Air, Soil and Water Research",19,,,,,,0,10.1177/11786221261437582,https://www.scopus.com/inward/record.uri?eid=2-s2.0-105034902323&doi=10.1177%2f11786221261437582&partnerID=40&md5=daff0097ddae2f9baf22914efbc9f1e9,Article,Final,All Open Access; Gold Open Access; Green Open Access,Scopus,2-s2.0-105034902323
M. Daaboul,45,1,Mechanical Engineering,ME2.1,"Electrohydrodynamic Flows, Electrically Induced Phenomena & PIV Diagnostics",Daaboul M.; Louste C.; Romat H.,"Daaboul, M. (25640685600); Louste, C. (6508391507); Romat, H. (6603813493)",25640685600; 6508391507; 6603813493,Electrohydrodynamical characteristics of a dielectric liquid flow induced by charge injection,2008,,"2008 IEEE International Conference on Dielectric Liquids, ICDL 2008",,,4622532,,,,12,10.1109/ICDL.2008.4622532,https://www.scopus.com/inward/record.uri?eid=2-s2.0-55849094312&doi=10.1109%2fICDL.2008.4622532&partnerID=40&md5=1af0412046c39c3ea0eed7762dae256d,Conference paper,Final,,Scopus,2-s2.0-55849094312
,46,2,Mechanical Engineering,ME2.1,"Electrohydrodynamic Flows, Electrically Induced Phenomena & PIV Diagnostics",Louste C.; Daaboul M.; Romat H.,"Louste, C. (6508391507); Daaboul, M. (25640685600); Romat, H. (6603813493)",6508391507; 25640685600; 6603813493,Experimental study of a plane turbulent wall jet induced by a dielectric barrier injection in dielectric liquid,2008,,"2008 IEEE International Conference on Dielectric Liquids, ICDL 2008",,,4622530,,,,7,10.1109/ICDL.2008.4622530,https://www.scopus.com/inward/record.uri?eid=2-s2.0-55849146625&doi=10.1109%2fICDL.2008.4622530&partnerID=40&md5=6ae1f024a23ac9e5d71e9ae09516e8a1,Conference paper,Final,,Scopus,2-s2.0-55849146625
,47,3,Mechanical Engineering,ME2.1,"Electrohydrodynamic Flows, Electrically Induced Phenomena & PIV Diagnostics",Daaboul M.; Louste C.; Romat H.,"Daaboul, Michel (25640685600); Louste, Christophe (6508391507); Romat, Hubert (6603813493)",25640685600; 6508391507; 6603813493,LDV measurements of liquid velocity induced by charge injection in Diesel oil in a blade-plane-slit geometry,2008,,Journal of Physics: Conference Series,142,,12041,,,,3,10.1088/1742-6596/142/1/012041,https://www.scopus.com/inward/record.uri?eid=2-s2.0-65449154770&doi=10.1088%2f1742-6596%2f142%2f1%2f012041&partnerID=40&md5=da5f8a966edcdef12d7e07c7ca95009d,Article,Final,All Open Access; Gold Open Access,Scopus,2-s2.0-65449154770
,48,4,Mechanical Engineering,ME2.1,"Electrohydrodynamic Flows, Electrically Induced Phenomena & PIV Diagnostics",Daaboul M.; Louste C.; Romat H.,"Daaboul, Michel (25640685600); Louste, Christophe (6508391507); Romat, Hubert (6603813493)",25640685600; 6508391507; 6603813493,PIV measurements on charged plumes-influence of SiO2 seeding particles on the electrical behavior,2009,,IEEE Transactions on Dielectrics and Electrical Insulation,16,2,4815161,335,342,7,42,10.1109/TDEI.2009.4815161,https://www.scopus.com/inward/record.uri?eid=2-s2.0-65349188121&doi=10.1109%2fTDEI.2009.4815161&partnerID=40&md5=074a6233ec4fb938e495bc66c5e3fe22,Article,Final,,Scopus,2-s2.0-65349188121
,49,5,Mechanical Engineering,ME2.1,"Electrohydrodynamic Flows, Electrically Induced Phenomena & PIV Diagnostics",Louste C.; Daaboul M.; Romat H.,"Louste, C. (6508391507); Daaboul, M. (25640685600); Romat, H. (6603813493)",6508391507; 25640685600; 6603813493,A study of vortex shedding induced by dielectric barrier injection,2009,,Journal of Electrostatics,67,46056,,348,353,5,15,10.1016/j.elstat.2009.02.007,https://www.scopus.com/inward/record.uri?eid=2-s2.0-64149105519&doi=10.1016%2fj.elstat.2009.02.007&partnerID=40&md5=7611f1d4d3238ac4d0e20333dd3ab89b,Article,Final,,Scopus,2-s2.0-64149105519
,50,6,Mechanical Engineering,ME2.1,"Electrohydrodynamic Flows, Electrically Induced Phenomena & PIV Diagnostics",Daaboul M.; Louste C.; Romat H.,"Daaboul, Michel (25640685600); Louste, Christophe (6508391507); Romat, Hubert (6603813493)",25640685600; 6508391507; 6603813493,Transient velocity induced by electric injection in blade-plane geometry,2009,,Journal of Electrostatics,67,46056,,359,364,5,22,10.1016/j.elstat.2009.02.003,https://www.scopus.com/inward/record.uri?eid=2-s2.0-64149119431&doi=10.1016%2fj.elstat.2009.02.003&partnerID=40&md5=244bf0b9b41e571ab6eba34d1fa21e9c,Article,Final,,Scopus,2-s2.0-64149119431
,51,7,Mechanical Engineering,ME2.1,"Electrohydrodynamic Flows, Electrically Induced Phenomena & PIV Diagnostics",Traoré Ph.; Daaboul M.; Louste Ch.,"Traoré, Ph. (6602968503); Daaboul, M. (25640685600); Louste, Ch. (6508391507)",6602968503; 25640685600; 6508391507,Numerical simulation and PIV experimental analysis of electrohydrodynamic plumes induced by a blade electrode,2010,,Journal of Physics D: Applied Physics,43,22,225502,,,,42,10.1088/0022-3727/43/22/225502,https://www.scopus.com/inward/record.uri?eid=2-s2.0-77952819206&doi=10.1088%2f0022-3727%2f43%2f22%2f225502&partnerID=40&md5=984eab78f2da6809bdb6aa19d5e38181,Article,Final,All Open Access; Green Open Access,Scopus,2-s2.0-77952819206
,52,8,Mechanical Engineering,ME2.1,"Electrohydrodynamic Flows, Electrically Induced Phenomena & PIV Diagnostics",Louste C.; Daaboul M.; Traore Ph.; Romat H.,"Louste, C. (6508391507); Daaboul, M. (25640685600); Traore, Ph. (6602968503); Romat, H. (6603813493)",6508391507; 25640685600; 6602968503; 6603813493,ElectroHydroDynamic primary break-up of deposited droplets,2011,,Proceedings - IEEE International Conference on Dielectric Liquids,,,6015461,,,,0,10.1109/ICDL.2011.6015461,https://www.scopus.com/inward/record.uri?eid=2-s2.0-80155146957&doi=10.1109%2fICDL.2011.6015461&partnerID=40&md5=c1e972a684caa64c3090b3f87091e8f0,Conference paper,Final,,Scopus,2-s2.0-80155146957
,53,9,Mechanical Engineering,ME2.1,"Electrohydrodynamic Flows, Electrically Induced Phenomena & PIV Diagnostics",Louste C.; Daaboul M.; Traore P.; Romat H.,"Louste, C. (6508391507); Daaboul, M. (25640685600); Traore, P. (6602968503); Romat, H. (6603813493)",6508391507; 25640685600; 6602968503; 6603813493,Influence of signal properties on electrohydrodynamic primary break-up of thin sheets of dielectric liquid,2012,,ICLASS 2012 - 12th International Conference on Liquid Atomization and Spray Systems,,,,,,,1,,https://www.scopus.com/inward/record.uri?eid=2-s2.0-84897410104&partnerID=40&md5=eca849eda75b79185412760f31194885,Conference paper,Final,,Scopus,2-s2.0-84897410104
,54,10,Mechanical Engineering,ME2.1,"Electrohydrodynamic Flows, Electrically Induced Phenomena & PIV Diagnostics",Louste C.; Yan Z.; Traore Ph.; Daaboul M.,"Louste, C. (6508391507); Yan, Z. (55561809300); Traore, Ph. (6602968503); Daaboul, M. (25640685600)",6508391507; 55561809300; 6602968503; 25640685600,Experimental estimation of the electric force induced by dielectric barrier injection,2014,,"Proceedings of the 2014 IEEE 18th International Conference on Dielectric Liquids, ICDL 2014",,,6893147,,,,4,10.1109/ICDL.2014.6893147,https://www.scopus.com/inward/record.uri?eid=2-s2.0-84907887366&doi=10.1109%2fICDL.2014.6893147&partnerID=40&md5=69b190c08ebf23f2568608959c7f93c7,Conference paper,Final,,Scopus,2-s2.0-84907887366
,55,11,Mechanical Engineering,ME1.2,"Hybrid Energy Systems, Energy Planning, and Resource Nexus",Rishmany J.; Daaboul M.; Tawk I.; Saba N.,"Rishmany, Jihad (56426992700); Daaboul, Michel (25640685600); Tawk, Issam (16311049700); Saba, Nicolas (36706524000)",56426992700; 25640685600; 16311049700; 36706524000,Investigation on solar-powered turbines using refrigerant R-134A,2014,7,"American Society of Mechanical Engineers, Power Division (Publication) POWER",2,,,,,,0,10.1115/POWER2014-32088,https://www.scopus.com/inward/record.uri?eid=2-s2.0-84911974861&doi=10.1115%2fPOWER2014-32088&partnerID=40&md5=07c427020a7e177b5e46c3a3d96cccd1,Conference paper,Final,,Scopus,2-s2.0-84911974861
,56,12,Mechanical Engineering,ME2.1,"Electrohydrodynamic Flows, Electrically Induced Phenomena & PIV Diagnostics",Louste C.; Yan Z.; Gouriou C.; Traore P.; Daaboul M.,"Louste, C. (6508391507); Yan, Z. (55561809300); Gouriou, C. (56382479500); Traore, Ph. (6602968503); Daaboul, M. (25640685600)",6508391507; 55561809300; 56382479500; 6602968503; 25640685600,Experimental estimation of the electric force induced by a blade-plane actuator,2014,,"Proceedings of the 2014 IEEE 18th International Conference on Dielectric Liquids, ICDL 2014",,,6893148,,,,1,10.1109/ICDL.2014.6893148,https://www.scopus.com/inward/record.uri?eid=2-s2.0-84907893009&doi=10.1109%2fICDL.2014.6893148&partnerID=40&md5=7f7ea1c94628bb46f22bbd048ae7b643,Conference paper,Final,,Scopus,2-s2.0-84907893009
,57,13,Mechanical Engineering,ME2.1,"Electrohydrodynamic Flows, Electrically Induced Phenomena & PIV Diagnostics",Louste C.; Romat H.; Traoré P.; Vazquez P.A.; Daaboul M.,"Louste, C. (6508391507); Romat, H. (6603813493); Traoré, P. (6602968503); Vazquez, P.A. (56246126200); Daaboul, M. (25640685600)",6508391507; 6603813493; 6602968503; 56246126200; 25640685600,Electroconvective cavity flow patterns created by a cylinder-plane configuration,2017,,"2017 IEEE 19th International Conference on Dielectric Liquids, ICDL 2017",2017-January,,,1,4,3,0,10.1109/ICDL.2017.8124595,https://www.scopus.com/inward/record.uri?eid=2-s2.0-85043448112&doi=10.1109%2fICDL.2017.8124595&partnerID=40&md5=67f9f8d398a8cc7a01864d1c36e62665,Conference paper,Final,,Scopus,2-s2.0-85043448112
,58,14,Mechanical Engineering,ME2.1,"Electrohydrodynamic Flows, Electrically Induced Phenomena & PIV Diagnostics",Daaboul M.; Traoré P.; Vázquez P.; Louste C.,"Daaboul, Michel (25640685600); Traoré, Philippe (6602968503); Vázquez, Pedro (56246126200); Louste, Christophe (6508391507)",25640685600; 6602968503; 56246126200; 6508391507,Study of the transition from conduction to injection in an electrohydrodynamic flow in blade-plane geometry,2017,,Journal of Electrostatics,88,,,71,75,4,35,10.1016/j.elstat.2017.01.014,https://www.scopus.com/inward/record.uri?eid=2-s2.0-85011060230&doi=10.1016%2fj.elstat.2017.01.014&partnerID=40&md5=b728bcecd9d581fbbac065bc1453f66d,Article,Final,All Open Access; Green Open Access,Scopus,2-s2.0-85011060230
,59,15,Mechanical Engineering,ME2.1,"Electrohydrodynamic Flows, Electrically Induced Phenomena & PIV Diagnostics",Louste C.; Romat H.; Traore P.; Daaboul M.; Vazquez P.; Sosa R.,"Louste, Christophe (6508391507); Romat, Hubert (6603813493); Traore, Philippe (6602968503); Daaboul, Michel (25640685600); Vazquez, Pedro (56246126200); Sosa, Roberto (13609063300)",6508391507; 6603813493; 6602968503; 25640685600; 56246126200; 13609063300,Electroconvective Cavity Flow Patterns Created by Asymmetric Electrode Configuration,2018,,IEEE Transactions on Industry Applications,54,5,8371637,4851,4856,5,18,10.1109/TIA.2018.2843797,https://www.scopus.com/inward/record.uri?eid=2-s2.0-85047970865&doi=10.1109%2fTIA.2018.2843797&partnerID=40&md5=9dec115542603160449093764867273b,Article,Final,All Open Access; Green Open Access,Scopus,2-s2.0-85047970865
,60,16,Mechanical Engineering,ME2.1,"Electrohydrodynamic Flows, Electrically Induced Phenomena & PIV Diagnostics",Nassar M.; Chauris N.; Traore P.; Yagoobi J.S.; Michel A.; Daaboul M.; Louste C.,"Nassar, Michelle (57210800292); Chauris, Nicolas (55845436600); Traore, Philippe (6602968503); Yagoobi, Jamal Seyed (56265142000); Michel, Anny (7201401518); Daaboul, Michel (25640685600); Louste, Christophe (6508391507)",57210800292; 55845436600; 6602968503; 56265142000; 7201401518; 25640685600; 6508391507,Study of the dielectric behavior of HFE-7000 in function of electric field and temperature variations,2019,7,Proceedings - IEEE International Conference on Dielectric Liquids,2019-June,,8796845,,,,2,10.1109/ICDL.2019.8796845,https://www.scopus.com/inward/record.uri?eid=2-s2.0-85071470357&doi=10.1109%2fICDL.2019.8796845&partnerID=40&md5=c8155270927391767b0820c98c731957,Conference paper,Final,,Scopus,2-s2.0-85071470357
,61,17,Mechanical Engineering,ME2.1,"Electrohydrodynamic Flows, Electrically Induced Phenomena & PIV Diagnostics",Daaboul M.; Traoré P.; Modh S.; Louste C.,"Daaboul, Michel (25640685600); Traoré, Philippe (6602968503); Modh, Sachin (57211626978); Louste, Christophe (6508391507)",25640685600; 6602968503; 57211626978; 6508391507,Influence of Electrode Spacing on a Symmetrical Washer-Type Electrohydrodynamic Conduction Pump,2019,,Journal of Physics: Conference Series,1322,1,12033,,,,3,10.1088/1742-6596/1322/1/012033,https://www.scopus.com/inward/record.uri?eid=2-s2.0-85074671764&doi=10.1088%2f1742-6596%2f1322%2f1%2f012033&partnerID=40&md5=613abe046d15bf5d85fcf72faf336da2,Conference paper,Final,All Open Access; Gold Open Access; Green Open Access,Scopus,2-s2.0-85074671764
,62,18,Mechanical Engineering,ME2.1,"Electrohydrodynamic Flows, Electrically Induced Phenomena & PIV Diagnostics",Nassar M.; Vazquez P.A.; Chauris N.; Daaboul M.; Michel A.; Louste C.,"Nassar, Michelle (57210800292); Vazquez, Pedro A. (56246126200); Chauris, Nicolas (55845436600); Daaboul, Michel (25640685600); Michel, Anny (7201401518); Louste, Christophe (6508391507)",57210800292; 56246126200; 55845436600; 25640685600; 7201401518; 6508391507,Experimental Models of the Variation of HFE-7100 and HFE-7000 Electric Properties with Temperature,2020,,IEEE Transactions on Industry Applications,56,4,9079216,4193,4199,6,38,10.1109/TIA.2020.2990367,https://www.scopus.com/inward/record.uri?eid=2-s2.0-85089571350&doi=10.1109%2fTIA.2020.2990367&partnerID=40&md5=56b259b1e5d88d62eadbdaf3fe309d7a,Article,Final,,Scopus,2-s2.0-85089571350
,63,19,Mechanical Engineering,ME2.1,"Electrohydrodynamic Flows, Electrically Induced Phenomena & PIV Diagnostics",Nassar M.; Daaboul M.; Michel A.; Louste C.,"Nassar, Michelle (57210800292); Daaboul, Michel (25640685600); Michel, Anny (7201401518); Louste, Christophe (6508391507)",57210800292; 25640685600; 7201401518; 6508391507,Effect of Temperature on Breakdown Voltage and on the Electrical Behavior of a Hydrofluoroether,2022,,Proceedings - IEEE International Conference on Dielectric Liquids,2022-May,,,,,,1,10.1109/ICDL49583.2022.9830916,https://www.scopus.com/inward/record.uri?eid=2-s2.0-85135771968&doi=10.1109%2fICDL49583.2022.9830916&partnerID=40&md5=6ca66138ebae9ef8496fb347d73c35f1,Conference paper,Final,,Scopus,2-s2.0-85135771968
,64,20,Mechanical Engineering,ME2.1,"Electrohydrodynamic Flows, Electrically Induced Phenomena & PIV Diagnostics",Daaboul M.; Matar I.; Nassar M.; Louste C.,"Daaboul, Michel (25640685600); Matar, Ihssan (58556679400); Nassar, Michelle (57210800292); Louste, Christophe (6508391507)",25640685600; 58556679400; 57210800292; 6508391507,Testing Different Tracer Types in Particle Image Velocimetry Measurements in Electrohydrodynamics,2023,,Proceedings - IEEE International Conference on Dielectric Liquids,2023-June,,,,,,6,10.1109/ICDL59152.2023.10209310,https://www.scopus.com/inward/record.uri?eid=2-s2.0-85169293147&doi=10.1109%2fICDL59152.2023.10209310&partnerID=40&md5=e40c46727b30708cf14f7893a185fa17,Conference paper,Final,All Open Access; Green Open Access,Scopus,2-s2.0-85169293147
,65,21,Mechanical Engineering,ME1.1,"Wind, Solar PV, and Wave Energy Conversion",Alomar Z.; Khoury G.; Rishmany J.; Daaboul M.,"Alomar, Zaki (57218710427); Khoury, Gerard (58408244900); Rishmany, Jihad (56426992700); Daaboul, Michel (25640685600)",57218710427; 58408244900; 56426992700; 25640685600,NUMERICAL AND EXPERIMENTAL STUDY ON THE EFFECT OF OVERLAP ON SAVONIUS WIND TURBINE,2023,"7,9",International Journal of Power and Energy Systems,43,10,,,,,4,10.2316/J.2023.203-0450,https://www.scopus.com/inward/record.uri?eid=2-s2.0-85163652046&doi=10.2316%2fJ.2023.203-0450&partnerID=40&md5=c02557ebab0908be9748e01a98e75980,Article,Final,All Open Access; Bronze Open Access,Scopus,2-s2.0-85163652046
,66,22,Mechanical Engineering,ME2.1,"Electrohydrodynamic Flows, Electrically Induced Phenomena & PIV Diagnostics",Nassar M.; Daaboul M.; Michel A.; Louste C.,"Nassar, Michelle (57210800292); Daaboul, Michel (25640685600); Michel, Anny (7201401518); Louste, Christophe (6508391507)",57210800292; 25640685600; 7201401518; 6508391507,Electro-optical Kerr effect in HFE-7100,2023,,Proceedings - IEEE International Conference on Dielectric Liquids,2023-June,,,,,,2,10.1109/ICDL59152.2023.10209331,https://www.scopus.com/inward/record.uri?eid=2-s2.0-85169297316&doi=10.1109%2fICDL59152.2023.10209331&partnerID=40&md5=95a3ef06cafe1c91012c0b4318f81c22,Conference paper,Final,All Open Access; Green Open Access,Scopus,2-s2.0-85169297316
,67,23,Mechanical Engineering,ME2.1,"Electrohydrodynamic Flows, Electrically Induced Phenomena & PIV Diagnostics",Matar I.; Louste C.; Daaboul M.,"Matar, Ihssan (58556679400); Louste, Christophe (6508391507); Daaboul, Michel (25640685600)",58556679400; 6508391507; 25640685600,Numerical Estimation of the Electric Force Induced by a Cylinder-to-Cylinder EHD Device,2023,,Proceedings - IEEE International Conference on Dielectric Liquids,2023-June,,,,,,2,10.1109/ICDL59152.2023.10209166,https://www.scopus.com/inward/record.uri?eid=2-s2.0-85169289768&doi=10.1109%2fICDL59152.2023.10209166&partnerID=40&md5=95e7c529d0068b20e5facbd9754b2f2e,Conference paper,Final,All Open Access; Green Open Access,Scopus,2-s2.0-85169289768
,68,24,Mechanical Engineering,ME2.3,Phase Change Materials & Building Energy Systems,Lahoud C.; Chahwan A.; Rishmany J.; Yehia C.; Daaboul M.,"Lahoud, Chawki (6507883511); Chahwan, Antoine (59487298400); Rishmany, Jihad (56426992700); Yehia, Chafic (59487260500); Daaboul, Michel (25640685600)",6507883511; 59487298400; 56426992700; 59487260500; 25640685600,Enhancing Energy Efficiency in Mediterranean Coastal Buildings Through PCM Integration,2024,7,Buildings,14,12,4023,,,,9,10.3390/buildings14124023,https://www.scopus.com/inward/record.uri?eid=2-s2.0-85213082427&doi=10.3390%2fbuildings14124023&partnerID=40&md5=8cb0ea11a727b48b2b865e01eac2284e,Article,Final,All Open Access; Gold Open Access; Green Open Access,Scopus,2-s2.0-85213082427
,69,25,Mechanical Engineering,ME1.1,"Wind, Solar PV, and Wave Energy Conversion",Khoury G.; Alomar Z.; Sabat M.; Rishmany J.; Daaboul M.,"Khoury, Gerard (58408244900); Alomar, Zaki (57218710427); Sabat, Macole (56432431200); Rishmany, Jihad (56426992700); Daaboul, Michel (25640685600)",58408244900; 57218710427; 56432431200; 56426992700; 25640685600,IMPROVING THE EFFICIENCY OF SAVONIUS WIND TURBINE THROUGH SHIELDING: NUMERICAL AND EXPERIMENTAL STUDY,2025,7,International Journal of Power and Energy Systems,45,10,,,,,3,10.2316/J.2025.203-0554,https://www.scopus.com/inward/record.uri?eid=2-s2.0-105012220882&doi=10.2316%2fJ.2025.203-0554&partnerID=40&md5=8593c77a52a0d06a5515cea6b4b41981,Article,Final,All Open Access; Bronze Open Access,Scopus,2-s2.0-105012220882
,70,26,Mechanical Engineering,ME2.1,"Electrohydrodynamic Flows, Electrically Induced Phenomena & PIV Diagnostics",Daaboul M.; Louste C.,"Daaboul, M. (25640685600); Louste, C. (6508391507)",25640685600; 6508391507,Validity of Particle Image Velocimetry Measurements in Electrohydrodynamic Flows,2025,,Experimental Techniques,,,,,,,1,10.1007/s40799-025-00806-4,https://www.scopus.com/inward/record.uri?eid=2-s2.0-105015168939&doi=10.1007%2fs40799-025-00806-4&partnerID=40&md5=1a2b5f6af70c95dcb4f5bf342005f3ef,Article,Final,,Scopus,2-s2.0-105015168939
,71,27,Mechanical Engineering,ME3.3,"Mechanical System Design, Structural Analysis & Applied Mechanics",Ghannoum M.; Assaad J.; Daaboul M.; El-Mir A.,"Ghannoum, Maria (57191378153); Assaad, Joseph (56589936700); Daaboul, Michel (25640685600); El-Mir, Abdulkader (57189462810)",57191378153; 56589936700; 25640685600; 57189462810,Deterministic and stochastic finite element modeling of reinforced concrete beams without stirrups containing plastic wastes,2025,13,International Journal of Building Pathology and Adaptation,43,4,,614,632,18,6,10.1108/IJBPA-10-2023-0156,https://www.scopus.com/inward/record.uri?eid=2-s2.0-85186547957&doi=10.1108%2fIJBPA-10-2023-0156&partnerID=40&md5=5ac559470e8bf78b743a40a69a1b0cdd,Article,Final,,Scopus,2-s2.0-85186547957
,72,28,Mechanical Engineering,ME2.1,"Electrohydrodynamic Flows, Electrically Induced Phenomena & PIV Diagnostics",Daaboul M.; Matar I.; Louste C.,"Daaboul, Michel (25640685600); Matar, Ihssan (58556679400); Louste, Christophe (6508391507)",25640685600; 58556679400; 6508391507,Impact of seeding particle properties on PIV accuracy in electrohydrodynamic systems,2026,,Journal of Electrostatics,140,,104261,,,,0,10.1016/j.elstat.2026.104261,https://www.scopus.com/inward/record.uri?eid=2-s2.0-105029643178&doi=10.1016%2fj.elstat.2026.104261&partnerID=40&md5=f0080e07b5822dd20a1a94cb2ba2c95a,Article,Final,,Scopus,2-s2.0-105029643178
,73,29,Mechanical Engineering,ME2.1,"Electrohydrodynamic Flows, Electrically Induced Phenomena & PIV Diagnostics",Matar I.; Daaboul M.; Louste C.,"Matar, I. (58556679400); Daaboul, M. (25640685600); Louste, C. (6508391507)",58556679400; 25640685600; 6508391507,Effect of polarity change on asymmetric cylinder-to-cylinder EHD device,2026,,Journal of Electrostatics,141,,104276,,,,0,10.1016/j.elstat.2026.104276,https://www.scopus.com/inward/record.uri?eid=2-s2.0-105032181411&doi=10.1016%2fj.elstat.2026.104276&partnerID=40&md5=9fd8137f9cff99d066407866cd27f4df,Article,Final,,Scopus,2-s2.0-105032181411
Ch. Lahoud,74,1,Mechanical Engineering,ME1.2,"Hybrid Energy Systems, Energy Planning, and Resource Nexus",Asmar J.A.; Lahoud C.; Brouche M.,"Asmar, Joseph Al (56470661800); Lahoud, Chawki (6507883511); Brouche, Marwan (6507344977)",56470661800; 6507883511; 6507344977,Decision-making strategy for cogeneration power systems integration in the Lebanese electricity grid,2017,"7,13",Energy Procedia,119,,,801,805,4,4,10.1016/j.egypro.2017.07.113,https://www.scopus.com/inward/record.uri?eid=2-s2.0-85029542952&doi=10.1016%2fj.egypro.2017.07.113&partnerID=40&md5=79422ee0eb908a7d8451d0b809be0bbe,Conference paper,Final,All Open Access; Gold Open Access,Scopus,2-s2.0-85029542952
,75,2,Mechanical Engineering,ME1.2,"Hybrid Energy Systems, Energy Planning, and Resource Nexus",Asmar J.A.; Lahoud C.; Brouche M.,"Asmar, Joseph Al (56470661800); Lahoud, Chawki (6507883511); Brouche, Marwan (6507344977)",56470661800; 6507883511; 6507344977,Decision making based on data analysis and optimization algorithm applied for cogeneration systems integration into a grid,2018,"7,13",AIP Conference Proceedings,1968,,30062,,,,3,10.1063/1.5039249,https://www.scopus.com/inward/record.uri?eid=2-s2.0-85050770507&doi=10.1063%2f1.5039249&partnerID=40&md5=5c4e8d841048f2366088cf0ac5c13848,Conference paper,Final,,Scopus,2-s2.0-85050770507
,76,3,Mechanical Engineering,ME1.2,"Hybrid Energy Systems, Energy Planning, and Resource Nexus",Chawki L.; Marwan E.B.; Jad D.; Joseph A.A.,"Chawki, Lahoud (6507883511); Marwan, El Brouche (6507344977); Jad, Dakroub (56479240600); Joseph, Al Asmar (56470661800)",6507883511; 6507344977; 56479240600; 56470661800,Multi-objective optimization for CCHP systems based on regressions considering economic and environmental aspects,2019,7,International Journal of Scientific and Technology Research,8,12,,379,385,6,0,,https://www.scopus.com/inward/record.uri?eid=2-s2.0-85077590305&partnerID=40&md5=dd1dba4160e0628f3166f95e08851618,Article,Final,,Scopus,2-s2.0-85077590305
,77,4,Mechanical Engineering,ME1.2,"Hybrid Energy Systems, Energy Planning, and Resource Nexus",Lahoud C.; Asmar J.A.; Brouche M.,"Lahoud, Chawki (6507883511); Asmar, Joseph Al (56470661800); Brouche, Marwan (6507344977)",6507883511; 56470661800; 6507344977,Models of performance of a CCHP system integration,2019,,AIP Conference Proceedings,2123,,30022,,,,1,10.1063/1.5117053,https://www.scopus.com/inward/record.uri?eid=2-s2.0-85069789336&doi=10.1063%2f1.5117053&partnerID=40&md5=f1f5cb8e4f1d7edbd91a757e3dc16a20,Conference paper,Final,,Scopus,2-s2.0-85069789336
,78,5,Mechanical Engineering,ME2.4,Sustainable Solar Thermal Processes for Cooling & Drying,Brouche M.; Lahoud C.; Lahoud M.F.; Lahoud C.,"Brouche, Marwan (6507344977); Lahoud, Chawki (6507883511); Lahoud, Mirna F. (57220092799); Lahoud, Christy (57220068896)",6507344977; 6507883511; 57220092799; 57220068896,Solar drying simulation of different products: Lebanese case,2020,7.9,Energy Reports,6,,,548,564,16,10,10.1016/j.egyr.2020.09.032,https://www.scopus.com/inward/record.uri?eid=2-s2.0-85096835021&doi=10.1016%2fj.egyr.2020.09.032&partnerID=40&md5=4824eaabae2939090ee9995068ee6eb5,Article,Final,All Open Access; Gold Open Access; Green Open Access,Scopus,2-s2.0-85096835021
,79,6,Mechanical Engineering,ME2.4,Sustainable Solar Thermal Processes for Cooling & Drying,Lahoud C.; Brouche M.; Lahoud M.F.; Lahoud C.,"Lahoud, Chawki (6507883511); Brouche, Marwan (6507344977); Lahoud, Mirna F. (57220092799); Lahoud, Christy (57220068896)",6507883511; 6507344977; 57220092799; 57220068896,Performance comparison between direct and combined solar drying with underfloor heating,2020,,AIP Conference Proceedings,2307,,20047,,,,1,10.1063/5.0032657,https://www.scopus.com/inward/record.uri?eid=2-s2.0-85098865815&doi=10.1063%2f5.0032657&partnerID=40&md5=575e8bf2d69fb2b66fee895a7b1374fc,Conference paper,Final,All Open Access; Bronze Open Access,Scopus,2-s2.0-85098865815
,80,7,Mechanical Engineering,ME2.3,Phase Change Materials & Building Energy Systems,Eid S.; Brouche M.; Lahoud C.; Lahoud C.,"Eid, Salam (57224215670); Brouche, Marwan (6507344977); Lahoud, Chawki (6507883511); Lahoud, Christy (57220068896)",57224215670; 6507344977; 6507883511; 57220068896,Phase change materials technologies review and future application in Lebanon: Part I,2021,"7,13",Key Engineering Materials,886,,,228,240,12,6,10.4028/www.scientific.net/KEM.886.228,https://www.scopus.com/inward/record.uri?eid=2-s2.0-85107298308&doi=10.4028%2fwww.scientific.net%2fKEM.886.228&partnerID=40&md5=a6a125cbb5d28cb97de290a7a8010c39,Book chapter,Final,,Scopus,2-s2.0-85107298308
,81,8,Mechanical Engineering,ME2.4,Sustainable Solar Thermal Processes for Cooling & Drying,Lahoud C.; Brouche M.E.; Lahoud C.; Hmadi M.,"Lahoud, Christy (57220068896); Brouche, Marwan El (6507344977); Lahoud, Chawki (6507883511); Hmadi, Mohamed (57205876417)",57220068896; 6507344977; 6507883511; 57205876417,A Review of single-effect solar absorption chillers and its perspective on Lebanese case,2021,"7,13",Energy Reports,7,,,12,22,10,32,10.1016/j.egyr.2021.09.052,https://www.scopus.com/inward/record.uri?eid=2-s2.0-85119613162&doi=10.1016%2fj.egyr.2021.09.052&partnerID=40&md5=ed0711f492ad830965d2ae93254ded4c,Article,Final,All Open Access; Gold Open Access; Green Open Access,Scopus,2-s2.0-85119613162
,82,9,Mechanical Engineering,ME2.3,Phase Change Materials & Building Energy Systems,Eid S.; Brouche M.; Lahoud C.; Lahoud C.,"Eid, Salam (57224215670); Brouche, Marwan (6507344977); Lahoud, Chawki (6507883511); Lahoud, Christy (57220068896)",57224215670; 6507344977; 6507883511; 57220068896,Phase change materials technologies review and future application in Lebanon: Part II,2021,13,Key Engineering Materials,886,,,256,270,14,5,10.4028/www.scientific.net/KEM.886.256,https://www.scopus.com/inward/record.uri?eid=2-s2.0-85107311654&doi=10.4028%2fwww.scientific.net%2fKEM.886.256&partnerID=40&md5=ccc8d2c50b0a42cb1c84f78605609cf8,Book chapter,Final,,Scopus,2-s2.0-85107311654
,83,10,Mechanical Engineering,ME1.2,"Hybrid Energy Systems, Energy Planning, and Resource Nexus",Saad S.; Lahoud C.; Brouche M.; Hmadi M.; Ghandour M.; Mourtada A.,"Saad, Sabine (57202805775); Lahoud, Chawki (6507883511); Brouche, Marwan (6507344977); Hmadi, Mohamed (57205876417); Ghandour, Mazen (42861425800); Mourtada, Adel (55601654900)",57202805775; 6507883511; 6507344977; 57205876417; 42861425800; 55601654900,Advanced tool for elaborating a sustainable energy and climate action plan at municipalities level,2021,"6,7,8,13,17",Energy Reports,7,,,51,69,18,7,10.1016/j.egyr.2021.09.049,https://www.scopus.com/inward/record.uri?eid=2-s2.0-85119604827&doi=10.1016%2fj.egyr.2021.09.049&partnerID=40&md5=2296219c3468aca0431c5eb00e79a032,Article,Final,All Open Access; Gold Open Access; Green Open Access,Scopus,2-s2.0-85119604827
,84,11,Mechanical Engineering,ME2.3,Phase Change Materials & Building Energy Systems,Eid S.; Lahoud C.; Brouche M.; Hmadi M.; Lahoud C.,"Eid, Salam (57224215670); Lahoud, Chawki (6507883511); Brouche, Marwan (6507344977); Hmadi, Mohamed (57205876417); Lahoud, Christy (57220068896)",57224215670; 6507883511; 6507344977; 57205876417; 57220068896,Modeling and Validation of the Enthalpy-Temperature Curve for Phase Change Materials,2022,,Materials Science Forum,1050 MSF,,,149,159,10,0,10.4028/www.scientific.net/MSF.1050.149,https://www.scopus.com/inward/record.uri?eid=2-s2.0-85123292298&doi=10.4028%2fwww.scientific.net%2fMSF.1050.149&partnerID=40&md5=832b3c8f512eee36b6ad4eab2d5c6fd9,Book chapter,Final,,Scopus,2-s2.0-85123292298
,85,12,Mechanical Engineering,ME2.4,Sustainable Solar Thermal Processes for Cooling & Drying,Lahoud C.; Brouche M.; Lahoud C.; Hmadi M.,"Lahoud, Christy (57220068896); Brouche, Marwan (6507344977); Lahoud, Chawki (6507883511); Hmadi, Mohamed (57205876417)",57220068896; 6507344977; 6507883511; 57205876417,Thermo-Economic Performance of a Solar-Driven Single-Effect Absorption Chiller in Lebanon,2023,"7,13","2023 6th International Conference on Renewable Energy for Developing Countries, REDEC 2023",,,,90,95,5,2,10.1109/REDEC58286.2023.10208167,https://www.scopus.com/inward/record.uri?eid=2-s2.0-85169467036&doi=10.1109%2fREDEC58286.2023.10208167&partnerID=40&md5=2b11f2f193737ef887b558921488e338,Conference paper,Final,,Scopus,2-s2.0-85169467036
,86,13,Mechanical Engineering,ME2.4,Sustainable Solar Thermal Processes for Cooling & Drying,Lahoud C.; Brouche M.; Lahoud C.; Hmadi M.,"Lahoud, Christy (57220068896); Brouche, Marwan (6507344977); Lahoud, Chawki (6507883511); Hmadi, Mohamed (57205876417)",57220068896; 6507344977; 6507883511; 57205876417,Thermo-Economic Comparison of Solar Thermal Cooling and Solar Photovoltaic Cooling Systems for a Typical Residential Building - Lebanese Case Study,2023,"7,13","2023 IEEE 4th International Multidisciplinary Conference on Engineering Technology, IMCET 2023",,,,150,156,6,1,10.1109/IMCET59736.2023.10368259,https://www.scopus.com/inward/record.uri?eid=2-s2.0-85182921838&doi=10.1109%2fIMCET59736.2023.10368259&partnerID=40&md5=38568e5ef6609f086f9f3f7282b7e7c0,Conference paper,Final,,Scopus,2-s2.0-85182921838
,87,14,Mechanical Engineering,ME2.3,Phase Change Materials & Building Energy Systems,Lahoud C.; Chahwan A.; Rishmany J.; Yehia C.; Daaboul M.,"Lahoud, Chawki (6507883511); Chahwan, Antoine (59487298400); Rishmany, Jihad (56426992700); Yehia, Chafic (59487260500); Daaboul, Michel (25640685600)",6507883511; 59487298400; 56426992700; 59487260500; 25640685600,Enhancing Energy Efficiency in Mediterranean Coastal Buildings Through PCM Integration,2024,7,Buildings,14,12,4023,,,,9,10.3390/buildings14124023,https://www.scopus.com/inward/record.uri?eid=2-s2.0-85213082427&doi=10.3390%2fbuildings14124023&partnerID=40&md5=8cb0ea11a727b48b2b865e01eac2284e,Article,Final,All Open Access; Gold Open Access; Green Open Access,Scopus,2-s2.0-85213082427
,88,15,Mechanical Engineering,ME2.3,Phase Change Materials & Building Energy Systems,Geitani S.; Chedid C.; Lahoud C.; Harmouche J.; Youssef S.; Kesserwani J.,"Geitani, Sayed (60173261800); Chedid, Christian (60172650800); Lahoud, Chawki (6507883511); Harmouche, Jamal (59907527700); Youssef, Sami (7007180627); Kesserwani, Joseph (59707350500)",60173261800; 60172650800; 6507883511; 59907527700; 7007180627; 59707350500,Investigation of the optimal PCM wall location into buildings envelope under Mediteranean climate,2025,"7,12,13","2025 7th International Conference on Renewable Energy for Developing Countries, REDEC 2025",,,,,,,1,10.1109/REDEC65313.2025.11190312,https://www.scopus.com/inward/record.uri?eid=2-s2.0-105021086018&doi=10.1109%2fREDEC65313.2025.11190312&partnerID=40&md5=7f5eebb307aa3f558d1b15c847a197be,Conference paper,Final,,Scopus,2-s2.0-105021086018
,89,16,Mechanical Engineering,ME1.2,"Hybrid Energy Systems, Energy Planning, and Resource Nexus",Alfakih Z.; Kesserwani J.; Lahoud C.; Rachid E.,"Alfakih, Zeinab (60022921700); Kesserwani, Joseph (59707350500); Lahoud, Chawki (6507883511); Rachid, Elias (55925103000)",60022921700; 59707350500; 6507883511; 55925103000,REVIEW OF RENEWABLE ENERGY HYBRID SYSTEMS FOR ALTERNATIVE SOLUTIONS,2025,"7,8,9,13",International Journal of Power and Energy Systems,45,10,,1,9,8,0,10.2316/J.2025.203-0572,https://www.scopus.com/inward/record.uri?eid=2-s2.0-105012185055&doi=10.2316%2fJ.2025.203-0572&partnerID=40&md5=7e903bfc69ffa65dc4358ac4e4071deb,Article,Final,All Open Access; Hybrid Gold Open Access,Scopus,2-s2.0-105012185055
,90,17,Mechanical Engineering,ME1.1,"Wind, Solar PV, and Wave Energy Conversion",Saad J.M.; Lahoud C.; Youssef S.; Kesserwani J.,"Saad, Jose Marie (60172890800); Lahoud, Chawki (6507883511); Youssef, Sami (7007180627); Kesserwani, Joseph (59707350500)",60172890800; 6507883511; 7007180627; 59707350500,A Technical Study on Wave Energy in Lebanon,2025,7,"2025 7th International Conference on Renewable Energy for Developing Countries, REDEC 2025",,,,,,,0,10.1109/REDEC65313.2025.11190256,https://www.scopus.com/inward/record.uri?eid=2-s2.0-105021077059&doi=10.1109%2fREDEC65313.2025.11190256&partnerID=40&md5=3f44b3a2bd5f4203707c229d2b05722a,Conference paper,Final,,Scopus,2-s2.0-105021077059
,91,18,Mechanical Engineering,ME2.4,Sustainable Solar Thermal Processes for Cooling & Drying,Al Hadidi W.S.; Lahoud C.; Raffoul J.; Kesserwani J.; Youssef S.,"Al Hadidi, Wael Saad (60173388600); Lahoud, Chawki (6507883511); Raffoul, Jeanpierre (60173135900); Kesserwani, Joseph (59707350500); Youssef, Sami (7007180627)",60173388600; 6507883511; 60173135900; 59707350500; 7007180627,Integrating Passive Energy Conservation Measures in Mediterranean Residential Buildings,2025,,"2025 7th International Conference on Renewable Energy for Developing Countries, REDEC 2025",,,,,,,0,10.1109/REDEC65313.2025.11190233,https://www.scopus.com/inward/record.uri?eid=2-s2.0-105021077068&doi=10.1109%2fREDEC65313.2025.11190233&partnerID=40&md5=97977316e71d1031d0449daf16a4c0f0,Conference paper,Final,,Scopus,2-s2.0-105021077068
,92,19,Mechanical Engineering,ME2.3,Phase Change Materials & Building Energy Systems,Lahoud C.; Harake R.; Fatfat M.; Bazi S.,"Lahoud, Chawki (6507883511); Harake, Rawad (59552260400); Fatfat, Mira (59552049300); Bazi, Sarah (59551716600)",6507883511; 59552260400; 59552049300; 59551716600,Enhancing Energy Efficiency in Mediterranean Large-Scale Buildings: A Study on Mobilized Thermal-Energy-Storage Systems,2025,7,Buildings,15,3,464,,,,5,10.3390/buildings15030464,https://www.scopus.com/inward/record.uri?eid=2-s2.0-85217552920&doi=10.3390%2fbuildings15030464&partnerID=40&md5=03f75215e19fc1475e766dce9baaccc0,Article,Final,All Open Access; Gold Open Access,Scopus,2-s2.0-85217552920
,93,20,Mechanical Engineering,ME2.4,Sustainable Solar Thermal Processes for Cooling & Drying,Youssef S.; Lahoud C.B.; Fatfat M.; Al Harake R.,"Youssef, Sami (7007180627); Lahoud, Chawki Bassam (6507883511); Fatfat, Mira (59552049300); Al Harake, Rawad (60105729400)",7007180627; 6507883511; 59552049300; 60105729400,Performance assessment and numerical simulation of Beechwood solar drying in Lebanon: a parametric approach,2025,"7,9,14",Management of Environmental Quality,,,,1,25,24,0,10.1108/MEQ-06-2025-0425,https://www.scopus.com/inward/record.uri?eid=2-s2.0-105016515435&doi=10.1108%2fMEQ-06-2025-0425&partnerID=40&md5=e0b6bd827fe305b806c16241067666cd,Article,Article in press,,Scopus,2-s2.0-105016515435
,94,21,Mechanical Engineering,ME2.3,Phase Change Materials & Building Energy Systems,Kesserwani J.; Lahoud C.; Al Asmar J.; Lahoud C.,"Kesserwani, Joseph (59707350500); Lahoud, Chawki (6507883511); Al Asmar, Joseph (56470661800); Lahoud, Christy (57220068896)",59707350500; 6507883511; 56470661800; 57220068896,"On the Technical, Economic, and Environmental Impact of Mobilized Thermal Energy Storage: A Case Study",2025,"8,13",Sustainability (Switzerland),17,6,2542,,,,3,10.3390/su17062542,https://www.scopus.com/inward/record.uri?eid=2-s2.0-105000859570&doi=10.3390%2fsu17062542&partnerID=40&md5=3f005088e037fb8034824aab8af8a805,Article,Final,All Open Access; Gold Open Access,Scopus,2-s2.0-105000859570
,95,22,Mechanical Engineering,ME2.3,Phase Change Materials & Building Energy Systems,Lahoud C.; Harake R.; Fatfat M.; Harmouche J.; Kesserwani J.; Youssef S.,"Lahoud, Chawki (6507883511); Harake, Rawad (59552260400); Fatfat, Mira (59552049300); Harmouche, Jamal (59907527700); Kesserwani, Joseph (59707350500); Youssef, Sami (7007180627)",6507883511; 59552260400; 59552049300; 59907527700; 59707350500; 7007180627,Evaluating Optimal PCM Integration in Building Envelopes Across Lebanese Regions,2025,7,"2025 7th International Conference on Renewable Energy for Developing Countries, REDEC 2025",,,,,,,0,10.1109/REDEC65313.2025.11190241,https://www.scopus.com/inward/record.uri?eid=2-s2.0-105021089356&doi=10.1109%2fREDEC65313.2025.11190241&partnerID=40&md5=892a531805bd2ce39cdc789fbcfbc2f8,Conference paper,Final,,Scopus,2-s2.0-105021089356
,96,23,Mechanical Engineering,ME1.1,"Wind, Solar PV, and Wave Energy Conversion",Rishmany J.; Lahoud C.; Harmouche J.; Imad R.; Saba N.,"Rishmany, Jihad (56426992700); Lahoud, Chawki (6507883511); Harmouche, Jamal (59907527700); Imad, Rodrigue (26767816900); Saba, Nicolas (36706524000)",56426992700; 6507883511; 59907527700; 26767816900; 36706524000,Advancements in Solar Tracking: A Comprehensive Review of Image-Processing Techniques,2026,7,Sustainability (Switzerland),18,2,1117,,,,1,10.3390/su18021117,https://www.scopus.com/inward/record.uri?eid=2-s2.0-105028917157&doi=10.3390%2fsu18021117&partnerID=40&md5=9a401465239ec48106c00c1db91828d0,Review,Final,All Open Access; Gold Open Access,Scopus,2-s2.0-105028917157
,97,24,Mechanical Engineering,ME2.4,Sustainable Solar Thermal Processes for Cooling & Drying,Al Asmar J.; Kesserwani J.; Harmouche J.; Imad R.; Lahoud C.,"Al Asmar, Joseph (56470661800); Kesserwani, Joseph (59707350500); Harmouche, Jamal (59907527700); Imad, Rodrigue (26767816900); Lahoud, Chawki (6507883511)",56470661800; 59707350500; 59907527700; 26767816900; 6507883511,Towards a sustainable energy future: a comparative analysis of environmental and economic impacts of energy sources,2026,"7,8,12,13,17",Management of Environmental Quality,37,2,,376,404,28,0,10.1108/MEQ-01-2025-0031,https://www.scopus.com/inward/record.uri?eid=2-s2.0-105005806257&doi=10.1108%2fMEQ-01-2025-0031&partnerID=40&md5=ad7f6e49c92e2a9df1d0ba9f18abe4e2,Article,Final,,Scopus,2-s2.0-105005806257
A. Bayssari,98,1,Mechanical Engineering,ME3.1,Composite Materials & Fracture Mechanics,El Bayssari A.M.; Jacquemin F.; Péron M.; Barasinski A.; Daghia F.; Guillon D.,"El Bayssari, Anna Maria (57345252600); Jacquemin, Frédéric (55891052600); Péron, Mael (56209136700); Barasinski, Anaïs (37020090800); Daghia, Fédérica (16033068900); Guillon, Damien (56286325100)",57345252600; 55891052600; 56209136700; 37020090800; 16033068900; 56286325100,Residual stresses developed in thermoplastic composites during laser-assisted tape laying,2021,9,ESAFORM 2021 - 24th International Conference on Material Forming,,,2667,,,,0,10.25518/esaform21.2667,https://www.scopus.com/inward/record.uri?eid=2-s2.0-85119360803&doi=10.25518%2fesaform21.2667&partnerID=40&md5=6c35d1f8efa629cf7c05e4a6881903d6,Conference paper,Final,All Open Access; Green Open Access; Hybrid Gold Open Access,Scopus,2-s2.0-85119360803
,99,2,Mechanical Engineering,ME3.1,Composite Materials & Fracture Mechanics,El Bayssari A.M.; Péron M.; Barasinski A.; Jacquemin F.; Daghia F.; Guillon D.,"El Bayssari, Anna Maria (57345252600); Péron, Mael (56209136700); Barasinski, Anaïs (37020090800); Jacquemin, Frédéric (55891052600); Daghia, Federica (16033068900); Guillon, Damien (56286325100)",57345252600; 56209136700; 37020090800; 55891052600; 16033068900; 56286325100,A numerical and experimental identification of crystallinity gradients in carbon fiber reinforced thermoplastic composites obtained by laser assisted filament winding,2024,9,Journal of Composite Materials,58,3,,327,342,15,2,10.1177/00219983231223568,https://www.scopus.com/inward/record.uri?eid=2-s2.0-85180708866&doi=10.1177%2f00219983231223568&partnerID=40&md5=d1daaf7a311009194855c1a234e1ba1a,Article,Final,All Open Access; Green Open Access,Scopus,2-s2.0-85180708866
,100,3,Mechanical Engineering,ME3.1,Composite Materials & Fracture Mechanics,Péron M.; Bayssari A.-M.E.; Barasinski A.; Jacquemin F.; Daghia F.; Guillon D.,"Péron, Mael (56209136700); Bayssari, Anna-Maria El (60232986300); Barasinski, Anaïs (37020090800); Jacquemin, Frédéric (55891052600); Daghia, Federica (16033068900); Guillon, Damien (56286325100)",56209136700; 60232986300; 37020090800; 55891052600; 16033068900; 56286325100,Residual stresses and strains during laser assisted tape placement of thermoplastic composite: Multi-physical modelling and experimental validation,2026,9,Composites Part A: Applied Science and Manufacturing,202,,109478,,,,0,10.1016/j.compositesa.2025.109478,https://www.scopus.com/inward/record.uri?eid=2-s2.0-105024441971&doi=10.1016%2fj.compositesa.2025.109478&partnerID=40&md5=634d40cdbbded818ea9918631fdd62ee,Article,Final,,Scopus,2-s2.0-105024441971
